ts,elapsed_s,ready_state,http_code,rss_kb,open_fds,meter_count,wip_gen_bytes,wip_wal_bytes,equipment_gen_bytes,equipment_wal_bytes,scratch_run_dirs,snapshot_current_gen_wip,snapshot_current_gen_equipment,snapshot_live_gen_wip,snapshot_live_gen_equipment,note
2026-08-30T14:36:48Z,0,ready,200,277440,222,237,536576,0,536576,0,0,1.0,1.0,1.0,1.0,
2026-08-30T14:36:59Z,11,ready,200,269128,222,261,536576,0,536576,0,0,2.0,2.0,1.0,1.0,
2026-08-30T14:37:19Z,31,ready,200,295364,222,261,536576,0,536576,0,0,3.0,3.0,1.0,1.0,
2026-08-30T14:37:29Z,41,ready,200,297636,222,261,536576,0,536576,0,0,3.0,3.0,1.0,1.0,
2026-08-30T14:37:49Z,61,ready,200,305040,222,261,536576,0,536576,0,0,4.0,4.0,1.0,1.0,
2026-08-30T14:37:59Z,71,ready,200,298688,222,261,536576,0,536576,0,0,5.0,5.0,1.0,1.0,
2026-08-30T14:38:29Z,101,ready,200,313100,222,261,536576,0,536576,0,0,6.0,6.0,1.0,1.0,
2026-08-30T14:39:00Z,132,ready,200,311856,222,261,536576,0,536576,0,0,8.0,8.0,1.0,1.0,
2026-08-30T14:39:30Z,162,ready,200,325168,222,261,536576,0,536576,0,0,9.0,9.0,1.0,1.0,
2026-08-30T14:40:00Z,192,ready,200,325872,222,261,536576,0,536576,0,0,11.0,11.0,1.0,1.0,
2026-08-30T14:40:30Z,222,ready,200,338688,222,261,536576,0,536576,0,0,12.0,12.0,1.0,1.0,
2026-08-30T14:41:00Z,252,ready,200,334208,222,261,536576,0,536576,0,0,14.0,14.0,1.0,1.0,
2026-08-30T14:41:30Z,282,ready,200,345212,222,261,536576,0,536576,0,0,15.0,15.0,1.0,1.0,
2026-08-30T14:42:00Z,312,ready,200,340540,222,261,536576,0,536576,0,0,17.0,17.0,1.0,1.0,
2026-08-30T14:42:30Z,342,ready,200,345896,222,261,536576,0,536576,0,0,18.0,18.0,1.0,1.0,
2026-08-30T14:43:00Z,372,ready,200,347816,222,261,536576,0,536576,0,0,20.0,20.0,1.0,1.0,
2026-08-30T14:43:30Z,402,ready,200,354884,222,261,536576,0,536576,0,0,21.0,21.0,1.0,1.0,
2026-08-30T14:44:00Z,432,ready,200,351264,222,261,536576,0,536576,0,0,23.0,23.0,1.0,1.0,
2026-08-30T14:44:30Z,462,ready,200,365360,222,261,536576,0,536576,0,2,24.0,24.0,1.0,1.0,
2026-08-30T14:45:01Z,493,ready,200,359456,228,261,536576,0,536576,0,3,26.0,26.0,1.0,1.0,
2026-08-30T14:45:31Z,523,ready,200,362844,228,261,536576,0,536576,0,1,27.0,27.0,1.0,1.0,
2026-08-30T14:46:01Z,553,ready,200,369836,224,261,536576,0,536576,0,0,29.0,29.0,1.0,1.0,
2026-08-30T14:46:31Z,583,ready,200,367620,222,261,536576,0,536576,0,0,30.0,30.0,1.0,1.0,
2026-08-30T14:47:01Z,613,ready,200,375364,222,261,536576,0,536576,0,0,32.0,32.0,1.0,1.0,
2026-08-30T14:47:31Z,643,ready,200,370484,222,261,536576,0,536576,0,0,33.0,33.0,1.0,1.0,
2026-08-30T14:48:01Z,673,ready,200,376552,222,261,536576,0,536576,0,0,35.0,35.0,1.0,1.0,
2026-08-30T14:48:31Z,703,ready,200,373616,222,261,536576,0,536576,0,0,36.0,36.0,1.0,1.0,
2026-08-30T14:49:01Z,733,ready,200,368464,222,261,536576,0,536576,0,0,38.0,38.0,1.0,1.0,
2026-08-30T14:49:31Z,763,ready,200,377600,222,261,536576,0,536576,0,0,39.0,39.0,1.0,1.0,
2026-08-30T14:50:01Z,793,ready,200,383516,222,261,536576,0,536576,0,0,41.0,41.0,1.0,1.0,
2026-08-30T14:50:31Z,823,ready,200,377156,222,261,536576,0,536576,0,0,42.0,42.0,1.0,1.0,
2026-08-30T14:51:01Z,853,ready,200,380764,222,261,536576,0,536576,0,0,44.0,44.0,1.0,1.0,
2026-08-30T14:51:32Z,884,ready,200,379208,222,261,536576,0,536576,0,0,45.0,45.0,1.0,1.0,
2026-08-30T14:52:02Z,914,ready,200,393476,222,261,536576,0,536576,0,0,47.0,47.0,1.0,1.0,
2026-08-30T14:52:32Z,944,ready,200,394920,222,261,536576,0,536576,0,0,48.0,48.0,1.0,1.0,
2026-08-30T14:53:02Z,974,ready,200,407000,222,261,536576,0,536576,0,0,50.0,50.0,1.0,1.0,
2026-08-30T14:53:32Z,1004,ready,200,396084,222,261,536576,0,536576,0,0,51.0,51.0,1.0,1.0,
2026-08-30T14:54:02Z,1034,ready,200,390896,222,261,536576,0,536576,0,0,53.0,53.0,1.0,1.0,
2026-08-30T14:54:32Z,1064,ready,200,399380,222,261,536576,0,536576,0,0,54.0,54.0,1.0,1.0,
2026-08-30T14:55:02Z,1094,ready,200,402740,222,261,536576,0,536576,0,0,56.0,56.0,1.0,1.0,
2026-08-30T14:55:32Z,1124,ready,200,389692,222,261,536576,0,536576,0,0,57.0,57.0,1.0,1.0,
2026-08-30T14:56:02Z,1154,ready,200,425424,222,261,536576,0,536576,0,0,59.0,59.0,1.0,1.0,
2026-08-30T14:56:32Z,1184,ready,200,403604,222,261,536576,0,536576,0,0,60.0,60.0,1.0,1.0,
2026-08-30T14:57:03Z,1215,ready,200,405184,222,261,536576,0,536576,0,0,62.0,62.0,1.0,1.0,
2026-08-30T14:57:33Z,1245,ready,200,410052,222,261,536576,0,536576,0,0,63.0,63.0,1.0,1.0,
2026-08-30T14:58:03Z,1275,ready,200,410568,222,261,536576,0,536576,0,0,65.0,65.0,1.0,1.0,
2026-08-30T14:58:33Z,1305,ready,200,404332,222,261,536576,0,536576,0,0,66.0,66.0,1.0,1.0,
2026-08-30T14:59:03Z,1335,ready,200,423624,222,261,536576,0,536576,0,0,68.0,68.0,1.0,1.0,
2026-08-30T14:59:33Z,1365,ready,200,409272,224,261,536576,0,536576,0,0,68.0,68.0,1.0,2.0,
2026-08-30T15:00:03Z,1395,ready,200,413356,224,261,536576,0,536576,0,0,68.0,68.0,1.0,2.0,
2026-08-30T15:00:33Z,1425,ready,200,412440,224,261,536576,0,536576,0,0,68.0,68.0,1.0,2.0,
2026-08-30T15:01:03Z,1455,ready,200,410824,224,261,536576,0,536576,0,0,68.0,68.0,1.0,2.0,
2026-08-30T15:01:33Z,1485,ready,200,423928,224,261,536576,0,536576,0,0,68.0,68.0,1.0,2.0,
2026-08-30T15:02:04Z,1516,ready,200,405000,224,261,536576,0,536576,0,0,68.0,68.0,1.0,2.0,
2026-08-30T15:02:34Z,1546,ready,200,400376,222,261,536576,0,536576,0,0,70.0,70.0,1.0,1.0,
2026-08-30T15:03:04Z,1576,ready,200,409796,222,261,536576,0,536576,0,0,72.0,72.0,1.0,1.0,
2026-08-30T15:03:34Z,1606,ready,200,404168,222,261,536576,0,536576,0,0,73.0,73.0,1.0,1.0,
2026-08-30T15:04:04Z,1636,ready,200,414728,222,261,536576,0,536576,0,0,75.0,75.0,1.0,1.0,
2026-08-30T15:04:34Z,1666,ready,200,409156,222,261,536576,0,536576,0,0,76.0,76.0,1.0,1.0,
2026-08-30T15:05:04Z,1696,ready,200,413792,222,261,536576,0,536576,0,0,78.0,78.0,1.0,1.0,
2026-08-30T15:05:34Z,1726,ready,200,409120,222,261,536576,0,536576,0,0,79.0,79.0,1.0,1.0,
2026-08-30T15:06:04Z,1756,ready,200,417952,222,261,536576,0,536576,0,0,81.0,81.0,1.0,1.0,
2026-08-30T15:06:34Z,1786,ready,200,417348,222,261,536576,0,536576,0,0,82.0,82.0,1.0,1.0,
2026-08-30T15:07:04Z,1816,ready,200,416812,222,261,536576,0,536576,0,0,84.0,84.0,1.0,1.0,
2026-08-30T15:07:34Z,1846,ready,200,401468,224,261,536576,0,536576,0,1,85.0,85.0,1.0,1.0,
2026-08-30T15:08:05Z,1877,ready,200,422876,222,261,536576,0,536576,0,0,87.0,87.0,1.0,1.0,
2026-08-30T15:08:35Z,1907,ready,200,414312,222,261,536576,0,536576,0,0,88.0,88.0,1.0,1.0,
2026-08-30T15:09:05Z,1937,ready,200,418140,222,261,536576,0,536576,0,0,90.0,90.0,1.0,1.0,
2026-08-30T15:09:35Z,1967,ready,200,408688,222,261,536576,0,536576,0,0,91.0,91.0,1.0,1.0,
2026-08-30T15:10:05Z,1997,ready,200,419612,222,261,536576,0,536576,0,0,93.0,93.0,1.0,1.0,
2026-08-30T15:10:35Z,2027,ready,200,403632,222,261,536576,0,536576,0,0,94.0,94.0,1.0,1.0,
2026-08-30T15:11:05Z,2057,ready,200,409608,222,264,536576,0,536576,0,0,96.0,96.0,1.0,1.0,
2026-08-30T15:11:35Z,2087,ready,200,413156,222,264,536576,0,536576,0,0,97.0,97.0,1.0,1.0,
2026-08-30T15:12:05Z,2117,ready,200,420468,222,264,536576,0,536576,0,0,99.0,99.0,1.0,1.0,
2026-08-30T15:12:35Z,2147,ready,200,413916,222,264,536576,0,536576,0,0,100.0,100.0,1.0,1.0,
2026-08-30T15:13:05Z,2177,ready,200,409532,222,264,536576,0,536576,0,0,102.0,102.0,1.0,1.0,
2026-08-30T15:13:35Z,2207,ready,200,400600,222,264,536576,0,536576,0,0,103.0,103.0,1.0,1.0,
2026-08-30T15:14:05Z,2237,ready,200,400316,222,264,536576,0,536576,0,0,105.0,105.0,1.0,1.0,
2026-08-30T15:14:36Z,2268,ready,200,407220,222,264,536576,0,536576,0,0,106.0,106.0,1.0,1.0,
2026-08-30T15:15:06Z,2298,ready,200,422240,222,264,536576,0,536576,0,0,108.0,108.0,1.0,1.0,
2026-08-30T15:15:36Z,2328,ready,200,408400,222,264,536576,0,536576,0,0,109.0,109.0,1.0,1.0,
2026-08-30T15:16:06Z,2358,ready,200,420192,222,264,536576,0,536576,0,0,111.0,111.0,1.0,1.0,
2026-08-30T15:16:36Z,2388,ready,200,403744,222,264,536576,0,536576,0,0,112.0,112.0,1.0,1.0,
2026-08-30T15:17:06Z,2418,ready,200,415512,222,264,536576,0,536576,0,0,114.0,114.0,1.0,1.0,
2026-08-30T15:17:36Z,2448,ready,200,412812,222,264,536576,0,536576,0,0,115.0,115.0,1.0,1.0,
2026-08-30T15:18:06Z,2478,ready,200,434044,222,264,536576,0,536576,0,0,117.0,117.0,1.0,1.0,
2026-08-30T15:18:36Z,2508,ready,200,420644,222,264,536576,0,536576,0,0,118.0,118.0,1.0,1.0,
2026-08-30T15:19:06Z,2538,ready,200,432396,222,267,536576,0,536576,0,0,120.0,120.0,1.0,1.0,
2026-08-30T15:19:36Z,2568,ready,200,421436,225,267,536576,0,1073152,0,0,121.0,121.0,1.0,2.0,
2026-08-30T15:20:07Z,2599,ready,200,433664,222,267,536576,0,536576,0,0,123.0,123.0,1.0,1.0,
2026-08-30T15:20:37Z,2629,ready,200,424052,224,267,536576,12822,536576,0,0,124.0,125.0,2.0,1.0,
2026-08-30T15:21:07Z,2659,ready,200,434392,222,267,536576,0,536576,0,0,126.0,126.0,1.0,1.0,
2026-08-30T15:21:37Z,2689,ready,200,429384,222,267,536576,0,536576,0,0,128.0,128.0,1.0,1.0,
2026-08-30T15:22:07Z,2719,ready,200,437908,222,267,536576,0,536576,0,0,129.0,129.0,1.0,1.0,
2026-08-30T15:22:37Z,2749,ready,200,429756,222,267,536576,0,536576,0,0,131.0,131.0,1.0,1.0,
2026-08-30T15:23:07Z,2779,ready,200,426880,222,267,536576,0,536576,0,0,132.0,132.0,1.0,1.0,
2026-08-30T15:23:37Z,2809,ready,200,423480,222,267,536576,0,536576,0,0,134.0,134.0,1.0,1.0,
2026-08-30T15:24:07Z,2839,ready,200,449452,222,267,536576,0,536576,0,0,135.0,135.0,1.0,1.0,
2026-08-30T15:24:37Z,2869,ready,200,411408,222,267,536576,0,536576,0,0,137.0,137.0,1.0,1.0,
2026-08-30T15:25:07Z,2899,ready,200,423520,222,269,536576,0,536576,0,0,137.0,138.0,1.0,1.0,
2026-08-30T15:25:37Z,2929,ready,200,409496,222,269,536576,0,536576,0,0,140.0,140.0,1.0,1.0,
2026-08-30T15:26:08Z,2960,ready,200,393420,222,269,536576,0,536576,0,0,141.0,141.0,1.0,1.0,
2026-08-30T15:26:38Z,2990,ready,200,391900,222,269,536576,0,536576,0,0,143.0,143.0,1.0,1.0,
2026-08-30T15:27:08Z,3020,ready,200,405752,222,269,536576,0,536576,0,0,144.0,144.0,1.0,1.0,
2026-08-30T15:27:38Z,3050,ready,200,391512,222,269,536576,0,536576,0,0,146.0,146.0,1.0,1.0,
2026-08-30T15:28:08Z,3080,ready,200,405772,222,269,536576,0,536576,0,0,147.0,147.0,1.0,1.0,
2026-08-30T15:28:38Z,3110,ready,200,388544,222,269,536576,0,536576,0,0,149.0,149.0,1.0,1.0,
2026-08-30T15:29:08Z,3140,ready,200,401824,222,269,536576,0,536576,0,0,150.0,150.0,1.0,1.0,
2026-08-30T15:29:38Z,3170,ready,200,389220,222,269,536576,0,536576,0,0,152.0,152.0,1.0,1.0,
2026-08-30T15:30:08Z,3200,ready,200,393484,222,269,536576,0,536576,0,0,153.0,153.0,1.0,1.0,
2026-08-30T15:30:38Z,3230,ready,200,391500,222,269,536576,0,536576,0,0,155.0,155.0,1.0,1.0,
2026-08-30T15:31:08Z,3260,ready,200,404236,222,269,536576,0,536576,0,0,156.0,156.0,1.0,1.0,
2026-08-30T15:31:39Z,3291,ready,200,384080,222,269,536576,0,536576,0,0,158.0,158.0,1.0,1.0,
2026-08-30T15:32:09Z,3321,ready,200,394696,222,269,536576,0,536576,0,0,159.0,159.0,1.0,1.0,
2026-08-30T15:32:39Z,3351,ready,200,364180,222,269,536576,0,536576,0,0,161.0,161.0,1.0,1.0,
2026-08-30T15:33:09Z,3381,ready,200,343500,222,269,536576,0,536576,0,0,162.0,162.0,1.0,1.0,
2026-08-30T15:33:39Z,3411,ready,200,344936,222,269,536576,0,536576,0,0,164.0,164.0,1.0,1.0,
2026-08-30T15:34:09Z,3441,ready,200,333992,222,269,536576,0,536576,0,0,165.0,165.0,1.0,1.0,
2026-08-30T15:34:40Z,3472,ready,200,347528,222,269,536576,0,536576,0,0,167.0,167.0,1.0,1.0,
2026-08-30T15:35:10Z,3502,ready,200,353704,222,269,536576,0,536576,0,0,168.0,168.0,1.0,1.0,
2026-08-30T15:35:40Z,3532,ready,200,338728,222,269,536576,0,536576,0,0,170.0,170.0,1.0,1.0,
2026-08-30T15:36:10Z,3562,ready,200,352980,222,269,536576,0,536576,0,0,171.0,171.0,1.0,1.0,
2026-08-30T15:36:40Z,3592,ready,200,335316,222,269,536576,0,536576,0,0,173.0,173.0,1.0,1.0,
2026-08-30T15:37:10Z,3622,ready,200,351760,222,269,536576,0,536576,0,0,174.0,174.0,1.0,1.0,
2026-08-30T15:37:40Z,3652,ready,200,340704,222,269,536576,0,536576,0,0,176.0,176.0,1.0,1.0,
2026-08-30T15:38:10Z,3682,ready,200,342540,222,269,536576,0,536576,0,0,177.0,177.0,1.0,1.0,
2026-08-30T15:38:40Z,3712,ready,200,343276,222,269,536576,0,536576,0,0,179.0,179.0,1.0,1.0,
2026-08-30T15:39:10Z,3742,ready,200,357440,222,272,536576,0,536576,0,0,180.0,180.0,1.0,1.0,
2026-08-30T15:39:40Z,3772,ready,200,346104,222,272,536576,0,536576,0,0,182.0,182.0,1.0,1.0,
2026-08-30T15:40:11Z,3803,ready,200,348104,222,272,536576,0,536576,0,0,183.0,183.0,1.0,1.0,
2026-08-30T15:40:41Z,3833,ready,200,343724,222,272,536576,0,536576,0,0,185.0,185.0,1.0,1.0,
2026-08-30T15:41:11Z,3863,ready,200,361616,222,272,536576,0,536576,0,0,186.0,186.0,1.0,1.0,
2026-08-30T15:41:41Z,3893,ready,200,340516,222,272,536576,0,536576,0,0,188.0,188.0,1.0,1.0,
2026-08-30T15:42:11Z,3923,ready,200,352096,222,272,536576,0,536576,0,0,189.0,189.0,1.0,1.0,
2026-08-30T15:42:41Z,3953,ready,200,340200,222,272,536576,0,536576,0,0,191.0,191.0,1.0,1.0,
2026-08-30T15:43:11Z,3983,ready,200,358068,222,272,536576,0,536576,0,0,192.0,192.0,1.0,1.0,
2026-08-30T15:43:41Z,4013,ready,200,342604,222,272,536576,0,536576,0,0,194.0,194.0,1.0,1.0,
2026-08-30T15:44:12Z,4044,ready,200,343928,222,272,536576,0,536576,0,0,195.0,195.0,1.0,1.0,
2026-08-30T15:44:42Z,4074,ready,200,337184,222,272,536576,0,536576,0,0,197.0,197.0,1.0,1.0,
2026-08-30T15:45:12Z,4104,ready,200,354732,222,272,536576,0,536576,0,0,198.0,198.0,1.0,1.0,
2026-08-30T15:45:42Z,4134,ready,200,340304,222,272,536576,0,536576,0,0,200.0,200.0,1.0,1.0,
2026-08-30T15:46:12Z,4164,ready,200,357276,222,272,536576,0,536576,0,0,201.0,201.0,1.0,1.0,
2026-08-30T15:46:42Z,4194,ready,200,335660,222,272,536576,0,536576,0,0,203.0,203.0,1.0,1.0,
2026-08-30T15:47:12Z,4224,ready,200,349448,222,272,536576,0,536576,0,0,204.0,204.0,1.0,1.0,
2026-08-30T15:47:42Z,4254,ready,200,338400,222,272,536576,0,536576,0,0,206.0,206.0,1.0,1.0,
2026-08-30T15:48:13Z,4285,ready,200,351520,222,272,536576,0,536576,0,0,207.0,207.0,1.0,1.0,
2026-08-30T15:48:43Z,4315,ready,200,338764,222,272,536576,0,536576,0,0,209.0,209.0,1.0,1.0,
2026-08-30T15:49:13Z,4345,ready,200,349568,222,272,536576,0,536576,0,0,210.0,210.0,1.0,1.0,
2026-08-30T15:49:43Z,4375,ready,200,341868,222,272,536576,0,536576,0,0,212.0,212.0,1.0,1.0,
2026-08-30T15:50:13Z,4405,ready,200,355228,222,272,536576,0,536576,0,0,213.0,213.0,1.0,1.0,
2026-08-30T15:50:43Z,4435,ready,200,344028,222,272,536576,0,536576,0,0,215.0,215.0,1.0,1.0,
2026-08-30T15:51:13Z,4465,ready,200,364076,222,272,536576,0,536576,0,0,216.0,216.0,1.0,1.0,
2026-08-30T15:51:43Z,4495,ready,200,361104,222,272,536576,0,536576,0,0,218.0,218.0,1.0,1.0,
2026-08-30T15:52:13Z,4525,ready,200,365336,222,272,536576,0,536576,0,0,219.0,219.0,1.0,1.0,
2026-08-30T15:52:43Z,4555,ready,200,365516,222,272,536576,0,536576,0,0,221.0,221.0,1.0,1.0,
2026-08-30T15:53:13Z,4585,ready,200,397648,222,272,536576,0,536576,0,0,222.0,222.0,1.0,1.0,
2026-08-30T15:53:43Z,4615,ready,200,370100,222,272,536576,0,536576,0,0,224.0,224.0,1.0,1.0,
2026-08-30T15:54:13Z,4645,ready,200,383532,222,272,536576,0,536576,0,0,225.0,225.0,1.0,1.0,
2026-08-30T15:54:44Z,4676,ready,200,371808,222,272,536576,0,536576,0,0,227.0,227.0,1.0,1.0,
2026-08-30T15:55:14Z,4706,ready,200,385812,222,272,536576,0,536576,0,0,228.0,228.0,1.0,1.0,
2026-08-30T15:55:44Z,4736,ready,200,375788,222,272,536576,0,536576,0,0,230.0,230.0,1.0,1.0,
2026-08-30T15:56:14Z,4766,ready,200,380876,222,272,536576,0,536576,0,0,231.0,231.0,1.0,1.0,
2026-08-30T15:56:44Z,4796,ready,200,370336,222,272,536576,0,536576,0,0,233.0,233.0,1.0,1.0,
2026-08-30T15:57:14Z,4826,ready,200,383796,222,272,536576,0,536576,0,0,234.0,234.0,1.0,1.0,
2026-08-30T15:57:44Z,4856,ready,200,355088,222,272,536576,0,536576,0,0,236.0,236.0,1.0,1.0,
2026-08-30T15:58:14Z,4886,ready,200,364108,222,272,536576,0,536576,0,0,237.0,237.0,1.0,1.0,
2026-08-30T15:58:44Z,4916,ready,200,354656,222,272,536576,0,536576,0,0,239.0,239.0,1.0,1.0,
2026-08-30T15:59:14Z,4946,ready,200,367564,222,272,536576,0,536576,0,0,240.0,240.0,1.0,1.0,
2026-08-30T15:59:44Z,4976,ready,200,357440,222,272,536576,0,536576,0,0,242.0,242.0,1.0,1.0,
2026-08-30T16:00:14Z,5006,ready,200,369180,222,272,536576,0,536576,0,0,243.0,243.0,1.0,1.0,
2026-08-30T16:00:44Z,5036,ready,200,362228,222,272,536576,0,536576,0,0,245.0,245.0,1.0,1.0,
2026-08-30T16:01:15Z,5067,ready,200,376364,222,272,536576,0,536576,0,0,246.0,246.0,1.0,1.0,
2026-08-30T16:01:45Z,5097,ready,200,367816,222,272,536576,0,536576,0,0,248.0,248.0,1.0,1.0,
2026-08-30T16:02:15Z,5127,ready,200,378688,222,272,536576,0,536576,0,0,249.0,249.0,1.0,1.0,
2026-08-30T16:02:45Z,5157,ready,200,365444,222,272,536576,0,536576,0,0,251.0,251.0,1.0,1.0,
2026-08-30T16:03:15Z,5187,ready,200,367920,222,272,536576,0,536576,0,0,252.0,252.0,1.0,1.0,
2026-08-30T16:03:45Z,5217,ready,200,368688,222,272,536576,0,536576,0,0,254.0,254.0,1.0,1.0,
2026-08-30T16:04:15Z,5247,ready,200,381132,222,272,536576,0,536576,0,0,255.0,255.0,1.0,1.0,
2026-08-30T16:04:45Z,5277,ready,200,382276,222,272,536576,0,536576,0,0,257.0,257.0,1.0,1.0,
2026-08-30T16:05:15Z,5307,ready,200,391656,222,272,536576,0,536576,0,0,258.0,258.0,1.0,1.0,
2026-08-30T16:05:45Z,5337,ready,200,386340,222,272,536576,0,536576,0,2,260.0,260.0,1.0,1.0,
2026-08-30T16:06:15Z,5367,ready,200,382104,223,272,536576,0,536576,0,2,261.0,261.0,1.0,1.0,
2026-08-30T16:06:45Z,5397,ready,200,392212,228,272,536576,0,536576,0,2,263.0,263.0,1.0,1.0,
2026-08-30T16:07:15Z,5427,ready,200,387000,222,272,536576,0,536576,0,0,264.0,264.0,1.0,1.0,
2026-08-30T16:07:46Z,5458,ready,200,387056,222,272,536576,0,536576,0,0,266.0,266.0,1.0,1.0,
2026-08-30T16:08:16Z,5488,ready,200,386352,222,272,536576,0,536576,0,0,267.0,267.0,1.0,1.0,
2026-08-30T16:08:46Z,5518,ready,200,385072,222,272,536576,0,536576,0,0,269.0,269.0,1.0,1.0,
2026-08-30T16:09:16Z,5548,ready,200,383892,222,272,536576,0,536576,0,0,270.0,270.0,1.0,1.0,
2026-08-30T16:09:46Z,5578,,000,,,1,536576,0,536576,0,0,,,,,
2026-08-30T16:10:16Z,5608,,000,,,1,536576,0,536576,0,0,,,,,
2026-08-30T16:10:46Z,5638,,000,,,1,536576,0,536576,0,0,,,,,
